<?xml version="1.0" encoding="UTF-8" standalone="yes"?>
<addon id="repository.ayaadev" name="AyaaDev Kodi Repository" version="1.0.0" provider-name="ayaadev">
    <extension point="xbmc.addon.repository" name="AyaaDev Kodi Repository">
        <dir>
            <info compressed="false">https://raw.githubusercontent.com/ayaadev/ayaadev.github.io/master/repo/zips/addons.xml</info>
            <checksum>https://raw.githubusercontent.com/ayaadev/ayaadev.github.io/master/repo/zips/addons.xml.md5</checksum>
            <datadir zip="true">https://raw.githubusercontent.com/ayaadev/ayaadev.github.io/master/repo/zips/</datadir>
        </dir>
    </extension>
    <extension point="xbmc.addon.metadata">
        <summary>AyaaDev Kodi Repository</summary>
        <description>A collection of add-ons for Kodi.</description>
        <disclaimer></disclaimer>
        <platform>all</platform>
        <assets>
            <icon>icon.png</icon>
            <fanart>fanart.jpg</fanart>
        </assets>
    </extension>
</addon>
